"wine";"volume";"max";"exper"
0.848698611561932;5.439333937987e+18;2.01464e+17;-1
0.885080579068461;5.43389511308e+18;2.01464e+17;0
0.952516369074627;350154;21097;1
0.957186591318246;385892;17690;2
0.945494761184307;339071;14822;3
