"wine";"volume";"max";"exper"
0.847946984941681;5.645908119879e+18;1.93547e+17;-1
0.880727582178191;5.64026264617e+18;1.93547e+17;0
0.94466113755566;306439;10368;1
0.953440234113177;360975;14285;2
0.950258061427521;350995;12433;3
