"wine";"volume";"max";"exper"
0.878882361082875;1.24709273e+17;4.01879e+15;-1
0.906168429610204;1.2458444e+17;4.01879e+15;0
0.997764275112382;0.98748786840046;0.0486695647706396;1
