"wine";"volume";"max";"exper"
0.863559106616085;5.598190871755e+18;2.12684e+17;-1
0.889512390887408;5.59259314592e+18;2.12684e+17;0
0.947399443014367;299698;7463;1
0.952418082710982;273805;13959;2
0.9386246770332;253810;8218;3
