"wine";"volume";"max";"exper"
0.772789527753494;16184580932759.9;429464925926.73;-1
0.812947192987935;16168402955398.7;429464925926.73;0
0.941968294264474;182125;5827.82857142848;1
